AlbumName,URL
PC、スマホ系,https://photos.google.com/lr/album/AIUXvMsDWQZXCuiBzfH4J6D0ivOljq_WgCCHdDnx51vOJWVIy_ETIyvieGcV_SdjgZh-tnl658iH
インナー、下着、腕カバー、ハンカチ,https://photos.google.com/lr/album/AIUXvMtmVWe_ykgrih1kD51MyXHWGWoh1OXLMev53dxDXqHgueysoekvzNiNmGUitWJJFqLD47Zb
カバン,https://photos.google.com/lr/album/AIUXvMv4KEpZFArKa25zkKwlzpfOMA11qswMdZrZKGKY1J2oikpKkD4-CXdYsu9k9DULQWUirnEB
クローゼットケースL74_クローゼット外下,https://photos.google.com/lr/album/AIUXvMvquYxY3Aj3hDNaU_wcLxwJxzb-V7lO9Q0Xv1crpax473df42W56QIADlUxWz82qjDR7FLS
クローゼットケースL74_クローゼット外中央,https://photos.google.com/lr/album/AIUXvMvLPMUdJYNXs1eAM9Zw4klY7F37-MVsT_q36PZQz_ih_2sY6R_Mc8dTxmiNCtAsxXc_z5yJ
クローゼットケースL74_中央上,https://photos.google.com/lr/album/AIUXvMuoYasp0eBFSdzo2qfJV06YMNnHWEcuDyKvZO8s_E2PCDgem5KjMAs0Hmgn27XEDVfgHdqr
クローゼットケースL74_中央下,https://photos.google.com/lr/album/AIUXvMuQMiaXxkWZa36-zAyxYpgi9eQxJbvKpNjjWqHyV7hspCRp4RMiw87nH2HIVWGElTEIHPrO
クローゼットケースL74_右上,https://photos.google.com/lr/album/AIUXvMuLjHlyPJBKcRl648gdFX_P_mQgKaS3vyDE0s6mc8pYvU2VW-RJigaPtcC-dga0aw-ejmi7
クローゼットケースL74_右下,https://photos.google.com/lr/album/AIUXvMuf4wPxBrytKnMXyD5W8JoKtSCTXJFWrtswIkxmWvUPogu4zSs9XpZwc14FXGT3Iv5pgA2u
クローゼットケースM55_左上,https://photos.google.com/lr/album/AIUXvMvD4tO5JJl4Xi7FVdDj1gENbx2r4ORkSV3y_qCGjyXYEvlQ1gjfSlQyL7Kho9rXWWLAfRen
クローゼットケースM55_左下,https://photos.google.com/lr/album/AIUXvMvdPb6t8Mggpy555zkF3a8lIftIIfC6GtuW6S1KWnlahsX7UZupPJJ92FZvMSVwYbeAgtCh
クローゼットケースS55_右,https://photos.google.com/lr/album/AIUXvMv89hkwu9HHenpKpQmiILNw6lhclumJ27BrpoyfVQBlmF1u4Tj3kQSDbmJnltffPBksOH8o
クローゼットケースS74_クローゼット外,https://photos.google.com/lr/album/AIUXvMuzoPUKs0BfBXFEdR1_wU-T04T0xtGtAUr2K5UdMblbqBp6jCjNHQZY_MgcZcOa0pnNCPlU
クローゼットケースS74_中央,https://photos.google.com/lr/album/AIUXvMv_w-mILCAXg4gTmUATWEKLEXVlxmdeqhpeBkJ6rbFEveqUiKJO7Hr1RjAEyidGC3mgYqSS
クローゼット上,https://photos.google.com/lr/album/AIUXvMu697OVm9t3TTA0fb1OrAy_zcBnYtSXlkEMSsy3n1m7BS5l2Av6fhclHc8DbWI1sMEwlZu9
ゲーム系,https://photos.google.com/lr/album/AIUXvMsb2VlNc-tZF1JBZ52VQTaEUKkdyB6Zkw--XXR6QLz1Idc5yh4bUFwTa204lmGjOne9Ao9J
ジャージ、作業着、スウェット,https://photos.google.com/lr/album/AIUXvMukd9wIufGLHGwscHiwW6715dL3XcC-LhTnyqyjUvxfvgrWFm8ZH9LIeMD41B8lMTDBHLXb
ダウンジャケット,https://photos.google.com/lr/album/AIUXvMtvaML3fZ9vP79Kq0EiZTHIBTA8rGlCRiMbF02PyY0TZ0JwtzxDYz8NPo6WdERMtz4GYaOW
タオル、カッパ、足マジック,https://photos.google.com/lr/album/AIUXvMtFJQQ8ARsDtJCHTB-z1x6gbe4mC1cMSwfjCU7kRTQ4zzf6algCTLF2ngVFibRY00aP6tzc
デスク下チェスト_上,https://photos.google.com/lr/album/AIUXvMu6XCnYr1gZAVuiCVFxWIx3JSbZxTWTzYEJTJEpsEPYYafscySNKsDN2QrByYnsujs6rsMx
デスク下チェスト_下,https://photos.google.com/lr/album/AIUXvMumT_vHI7IfucgZ7QNIAgHPTH7AApunTA_zZDn7eH0PhHsDrMA_np1mv_N_SE-FoDRLUorE
パーカー、ヤッケ,https://photos.google.com/lr/album/AIUXvMsFLumqZfYTouWks7lrNNwjz6KwxJxebv7vTjGGYhDAYn-GT0ztCPwFs2X6WbDxRgw65c8k
ベッド下中央_上,https://photos.google.com/lr/album/AIUXvMuyJwrTSHtcl5FHkOjQ1wEcczD6uCpcoIFVtX4MYqYY1K6FvsVCCPIa3V91wh6GrhVi0ZD0
ベッド下中央_下,https://photos.google.com/lr/album/AIUXvMvFyNIChCkfEZGH3sKBewCeFo2oFSh9AUyhGCuuhmT8eRKojghyPdF85fbzVE37Enedzewh
ベッド下右,https://photos.google.com/lr/album/AIUXvMtmgCFjM_htv1inNKE7vffmvaNbqt6olauODwG6PIcqkVM1wwZ22oGZ4dNo1R1w1LM-sVu8
ベッド下左,https://photos.google.com/lr/album/AIUXvMsJh8R-dtjbbeGUyjJ2tT_1A3ZgWeyYuWjqZIX3QjDJ8x_QN_wck-AmN8FOgHQenU4muyKU
ベルト,https://photos.google.com/lr/album/AIUXvMtABeKAdGpvxNb-4T4xsLJ_IEC4RuuZteTSOiKKObiNosOZFnC0Ry7bOl2NKArGgPpKZcTt
ユニフォーム,https://photos.google.com/lr/album/AIUXvMvF9hOPqS8YfKmC3MZ6XIlBV5GTwCqmCrdUX76SeUoUp23jIM3dz09qV1UlyfcXhFKpjsyD
ラックA_上,https://photos.google.com/lr/album/AIUXvMtCn2sQsF0Nei3rYe5vI-k8S802zR0YNMdQVwUiaPYZG0U9-EtpFXYC7oPCRGagUlP6mLa1
ラックA_下,https://photos.google.com/lr/album/AIUXvMsH_IHoiakaFSHzKFX4vRCFMY3yyzVXPrUlNMebylMTf1K2Tdpr4zC1JIAGFdnJ8FBMYIBT
ラックA_中央,https://photos.google.com/lr/album/AIUXvMu-VK9hVyZewmR9JkPTc8B0irVACrvwDQsTE0X-t0_z1JG0D8V5QtuUk7dGaCxSusW0HgHZ
ラックB_中央,https://photos.google.com/lr/album/AIUXvMtc3jS1lrf6DD0fREZRbwFkq1-VqBug-est5CAO4cwNOycAWHyokHk0TZVEx-VNthj9uE-A
ラックB_右,https://photos.google.com/lr/album/AIUXvMs-TvURx9gkH1AYlSMFfNPco3eFVDFDGPNe2rFPYgAnyEsqsyMw6z7azLHPGu-a-vdM5wOR
ラックB_左,https://photos.google.com/lr/album/AIUXvMutwFNtmZfmt46WNnI9FFqXyfG1KLWRT51I_MA75t_3ZGXnmT-dbar6X-e4tZfy7SCf51NU
リビング中央上収納,https://photos.google.com/lr/album/AIUXvMsxLxQadr7bP7gX2bYj4oYlgrhwuAYbfn6lglMRHaxDtBQ74EZVpgWeYUuUqVvSDkuWGR28
リビング右上収納,https://photos.google.com/lr/album/AIUXvMtEo11e0dw4VyR_CS5V_qusTutSolDYGzEsstrHVtr5VjoM8rBlmy9H2uRs2K4yCwlH5hdq
リビング左上収納,https://photos.google.com/lr/album/AIUXvMvzbpajC46M_jgYavoAMs9XItz1jXIfbVcpAidfFQi5gJr6Jm_HeRDWmmsZVLu4L0KhycnR
冬服A,https://photos.google.com/lr/album/AIUXvMuKos063pmHtvbpuDdLJZ06neGdK7MbHqW4brmdyEgEwU-SwngQyPvYFJjOM3LqxryMZA-H
冬服B,https://photos.google.com/lr/album/AIUXvMvthUSY2JD_Op8pVL9c3rxLUSyjIzoL3sSaoy8AZqjJFF9P3mV9-T-xuYCsRMTzI-87hVe0
参考書、本,https://photos.google.com/lr/album/AIUXvMst0cBeh6Fky2oN1b2NrNsAoXvn4kGTsy-lwXo5NiaHCUnAN443ZG9l8kwomcZu_L5eDord
収納A,https://photos.google.com/lr/album/AIUXvMskH8A5MMWdDJb-P0Om2zXT2Uk6YxNs3s1Vbf8DW0GUP_Xv697zBBtkqY3wqaclVkjLmHpX
夏服シャツA,https://photos.google.com/lr/album/AIUXvMvjOoIkcS0W9qTmE0HekFtMDJeFaN0YifdujGqlXX9-1KxUHZXQiuFjzsBEfSCbG-MrDVcA
夏服シャツB,https://photos.google.com/lr/album/AIUXvMtelBYeUhM0Z5sNfHanPyaRnLEnm92dCwxeU7mov_9XUcuQkrxaUTT3RiIp4HXMYihy7kA-
工具系,https://photos.google.com/lr/album/AIUXvMuqCq4Ltk3281QFLAqq0nyzh86dzkxhUgLNjga679YLZYe9KLphnEs2QcXCMPmvY8J_CGWn
文房具,https://photos.google.com/lr/album/AIUXvMtEpa4s0lkr2pgwjYxk4DC-MEr70uuTIZcbiJm6vMBG4QgzDG2Xqm0hkDvTusE9PIcfdVbF
枕棚収納,https://photos.google.com/lr/album/AIUXvMvqrVqVWZRPC5f4keOxliJdE8po_5UoVnRhhSWapEbdUg_GctZdUms1fUqEzPw_UYEeaVzd
短パン系,https://photos.google.com/lr/album/AIUXvMvYj5Cbo0ckaS_nX_b2EhHvOAxAbT1LEHAXSDMsJnDVUaw8LrNuo0F-K15EdNKNyqOCbHKD
薬系,https://photos.google.com/lr/album/AIUXvMumtoxC27QRlHbF8aAoSM-i5NxsEIBiUdgBF_Oqxnylv1CvRpZ79u3MFkVafFE5phE_WKeQ
身支度,https://photos.google.com/lr/album/AIUXvMuuGm_CXOsVAhl2TaucSBEvIUt9A_q1ePEuNVihPxLsfIDtyDAoUxV92U1M90xO1P1jO1su
重要書類、印鑑,https://photos.google.com/lr/album/AIUXvMsLsElkSBCBt893ISvxGo6EgN9AySsvVmTtOWIJRpgo6KcV09vxoeJ3fTKMynjjtcuZPeqe
長ズボン系,https://photos.google.com/lr/album/AIUXvMv2ehNSOqz_-zpluo9qG7DrxY3rVIFsepjwxWTDKSrPG5B8KCTM1Bs2SEo2FWbnxKYGLrNs
長袖シャツ,https://photos.google.com/lr/album/AIUXvMuWhShTVaUJIFCNG4ns7kedv7v9SGGfQbx7u36TBDryLSoaXt8XZcR07gV3CxPRLeyspSR2
防寒具,https://photos.google.com/lr/album/AIUXvMszmjY-kF9_y_s7wiLzan3_O5HSfB0HixRIsl3sAjGaFJxQbC56ngz6dm4Gs_Wx1s3fp3Pt
雑貨,https://photos.google.com/lr/album/AIUXvMvf0sEEgADqJJUkD_ELDbkmw4uLdUrBBJKbEFfB0YvCBTLPvkMOeuF34SXhJW6GL5RKjTYp
電化製品色々,https://photos.google.com/lr/album/AIUXvMuaRr0QpjKdeeG4ebhNz4bp-0wyMs6wWr4U6MbnzoYp-mcAO27taH3FJlWXO0NCj8-PA2W3
非常食,https://photos.google.com/lr/album/AIUXvMu_5tlihv7c1I0cmw1Js46MZtwE41pqz38iawYhsJSnsl0G1AvMMXgduONqTzsutU97aMYG
